FASTA_HEADER,pos_0001,pos_0002,pos_0003,pos_0004,pos_0005,pos_0006,pos_0007,pos_0008,pos_0009,pos_0010,pos_0011,pos_0012,pos_0013,pos_0014,pos_0015,pos_0016,pos_0017,pos_0018,pos_0019,pos_0020,pos_0021,pos_0022,pos_0023,pos_0024,pos_0025,pos_0026,pos_0027,pos_0028,pos_0029,pos_0030,pos_0031,pos_0032,pos_0033,pos_0034,pos_0035,pos_0036,pos_0037,pos_0038,pos_0039,pos_0040,pos_0041,pos_0042,pos_0043,pos_0044,pos_0045,pos_0046,pos_0047,pos_0048,pos_0049,pos_0050,pos_0051,pos_0052,pos_0053,pos_0054,pos_0055,pos_0056,pos_0057,pos_0058,pos_0059,pos_0060,pos_0061,pos_0062,pos_0063,pos_0064,pos_0065,pos_0066,pos_0067,pos_0068,pos_0069,pos_0070,pos_0071,pos_0072,pos_0073,pos_0074,pos_0075,pos_0076,pos_0077,pos_0078,pos_0079,pos_0080,pos_0081,pos_0082,pos_0083,pos_0084,pos_0085,pos_0086,pos_0087,pos_0088,pos_0089,pos_0090,pos_0091,pos_0092,pos_0093,pos_0094,pos_0095,pos_0096,pos_0097,pos_0098,pos_0099,pos_0100,pos_0101,pos_0102,pos_0103,pos_0104,pos_0105,pos_0106,pos_0107,pos_0108,pos_0109,pos_0110,pos_0111,pos_0112,pos_0113,pos_0114,pos_0115,pos_0116,pos_0117,pos_0118,pos_0119,pos_0120,pos_0121,pos_0122
>A_Slinuchae_CCMP2456.gene3273.mRNA1,0.5098,0.5456,0.5665,0.5951,0.5577,0.5296,0.5533,0.562,0.5707,0.5758,0.5807,0.6043,0.6427,0.562,0.5992,0.5992,0.5577,0.5533,0.5665,0.5665,0.6089,0.5382,0.4979,0.5017,0.5055,0.4652,0.4685,0.4619,0.4685,0.4766,0.4901,0.4292,0.4409,0.4441,0.4801,0.4801,0.4507,0.4149,0.4186,0.3566,0.3249,0.3249,0.4017,0.3631,0.3599,0.3631,0.3494,0.3704,0.346,0.3392,0.3494,0.2849,0.346,0.3566,0.3494,0.3392,0.3392,0.3087,0.3182,0.2541,0.3392,0.3948,0.3249,0.2575,0.2918,0.2164,0.2129,0.2884,0.3117,0.346,0.3494,0.3117,0.3426,0.3426,0.3356,0.3321,0.3286,0.3182,0.4017,0.4541,0.5456,0.4801,0.4582,0.433,0.4864,0.5211,0.6322,0.5533,0.5665,0.4801,0.4766,0.4441,0.4801,0.5139,0.4831,0.4831,0.4864,0.4149,0.3667,0.374,0.3494,0.3053,0.3667,0.3249,0.3872,0.3667,0.2951,0.2884,0.3529,0.3494,0.3215,0.3117,0.3182,0.2918,0.2609,0.268,0.2292,0.2002,0.2715,0.3215,0.2817,0.2884
>Gymno_Kveneficum_Di_ABV22219.1,0.5017,0.5139,0.5254,0.5493,0.5665,0.5296,0.5533,0.5707,0.5758,0.5807,0.5854,0.6136,0.6427,0.5707,0.6136,0.5707,0.5665,0.5992,0.6136,0.6136,0.5807,0.5055,0.5098,0.4831,0.4507,0.3807,0.384,0.3494,0.3529,0.3807,0.391,0.3667,0.3774,0.4051,0.4409,0.4476,0.4186,0.4476,0.4541,0.374,0.3053,0.3356,0.4017,0.3356,0.3087,0.3426,0.3494,0.374,0.4051,0.3667,0.3529,0.2884,0.3249,0.3249,0.2988,0.2918,0.2064,0.1759,0.1791,0.1137,0.1914,0.2609,0.1914,0.1501,0.2258,0.2064,0.2064,0.2645,0.2884,0.2292,0.2645,0.2849,0.3117,0.3087,0.3087,0.2783,0.2783,0.346,0.4369,0.4409,0.5254,0.4685,0.3983,0.374,0.4186,0.4051,0.494,0.4256,0.4292,0.3529,0.4149,0.3807,0.3599,0.3599,0.3321,0.3426,0.374,0.3215,0.2715,0.2783,0.2436,0.1554,0.1554,0.1702,0.2258,0.2002,0.1373,0.1323,0.1759,0.1791,0.1424,0.1349,0.1349,0.1115,0.1092,0.107,0.0734,0.0543,0.0646,0.0817,0.0543,0.0483
>Gonyau_Ccohnii_Di_Q01239.1,0.6136,0.5758,0.5296,0.562,0.5419,0.5098,0.5382,0.5176,0.562,0.5419,0.5176,0.5456,0.5854,0.5533,0.5493,0.5577,0.5098,0.5382,0.5533,0.562,0.5665,0.4979,0.4979,0.5342,0.4979,0.4507,0.5017,0.5098,0.5533,0.5533,0.5854,0.5139,0.4582,0.4652,0.4801,0.4725,0.4725,0.5017,0.5176,0.5055,0.4369,0.4541,0.494,0.4476,0.4685,0.5139,0.5951,0.5055,0.4652,0.422,0.4017,0.3529,0.4507,0.5211,0.5055,0.4864,0.4979,0.4541,0.4582,0.374,0.3983,0.4652,0.384,0.3631,0.4017,0.3286,0.3215,0.3215,0.3948,0.4256,0.4582,0.4801,0.5055,0.4979,0.4979,0.4725,0.4685,0.4541,0.5211,0.5296,0.6427,0.6136,0.5707,0.5382,0.5951,0.6482,0.6531,0.5758,0.5017,0.4369,0.4369,0.4051,0.3774,0.4017,0.3426,0.346,0.3667,0.3215,0.2817,0.2884,0.2609,0.1528,0.1731,0.1554,0.2436,0.2224,0.1583,0.2064,0.2541,0.3087,0.2645,0.2503,0.2503,0.2328,0.2064,0.2436,0.2002,0.1731,0.2002,0.2328,0.1852,0.1791
>B_psygmophilum_t,0.4801,0.5139,0.5456,0.4652,0.4441,0.4685,0.4864,0.4619,0.4831,0.4685,0.4507,0.4901,0.5176,0.4901,0.5342,0.4652,0.4292,0.4582,0.494,0.4864,0.4864,0.4292,0.3599,0.3494,0.4149,0.3774,0.346,0.3599,0.3249,0.3182,0.3529,0.3529,0.3529,0.3631,0.3249,0.3215,0.3019,0.3321,0.3392,0.2783,0.2164,0.2575,0.3182,0.3182,0.3215,0.3215,0.3087,0.3321,0.3182,0.3948,0.4017,0.3356,0.374,0.374,0.3704,0.3948,0.3983,0.3872,0.3286,0.2609,0.346,0.4087,0.3286,0.2715,0.3087,0.2292,0.2292,0.3087,0.3321,0.3321,0.3286,0.2951,0.3249,0.2645,0.2645,0.2575,0.2575,0.247,0.3321,0.3872,0.4766,0.4149,0.391,0.3667,0.4149,0.4541,0.5493,0.4801,0.4831,0.3807,0.4017,0.4256,0.4619,0.5211,0.5577,0.5577,0.562,0.5017,0.4441,0.4507,0.422,0.3117,0.374,0.3392,0.433,0.4441,0.3667,0.3599,0.433,0.433,0.433,0.4051,0.3566,0.3286,0.2715,0.2783,0.2436,0.2094,0.2575,0.3117,0.2715,0.2783
>C_Cgoreaui_SymbC1.scaffold7970.1,0.6375,0.6375,0.6427,0.6427,0.6482,0.6482,0.6482,0.6531,0.6531,0.6531,0.6531,0.6482,0.6755,0.708,0.712,0.6806,0.6482,0.6576,0.6661,0.6661,0.6712,0.5992,0.5382,0.5139,0.494,0.4409,0.4186,0.4256,0.4051,0.4119,0.422,0.3704,0.374,0.3807,0.3704,0.3704,0.346,0.3631,0.3631,0.2951,0.2436,0.2541,0.3117,0.3087,0.3286,0.3599,0.3494,0.3704,0.3667,0.3983,0.4087,0.3494,0.4087,0.4087,0.4087,0.4087,0.4051,0.3774,0.3149,0.2609,0.3529,0.4051,0.3356,0.2849,0.3215,0.2575,0.2503,0.3182,0.3356,0.346,0.3392,0.3599,0.384,0.384,0.384,0.3599,0.3566,0.3494,0.4256,0.494,0.562,0.4652,0.4507,0.4292,0.4801,0.5017,0.5992,0.5342,0.5098,0.4409,0.4369,0.4087,0.384,0.4409,0.4119,0.4119,0.4409,0.391,0.346,0.3494,0.3215,0.3215,0.4087,0.374,0.4256,0.4051,0.3392,0.3286,0.3807,0.4087,0.3774,0.3704,0.3774,0.3529,0.3019,0.3087,0.2817,0.2503,0.2918,0.3392,0.3087,0.3182
>Pyro_Plunula_Di_AAO14678.1,0.5758,0.5854,0.5901,0.5951,0.5992,0.6043,0.6089,0.6136,0.6136,0.6183,0.6227,0.6482,0.6906,0.662,0.6183,0.5807,0.5758,0.5807,0.5951,0.5707,0.5456,0.4801,0.4619,0.4652,0.4441,0.384,0.3667,0.374,0.3774,0.3249,0.3321,0.2752,0.2849,0.2884,0.3019,0.2988,0.346,0.391,0.4051,0.3983,0.3599,0.3983,0.4119,0.374,0.3948,0.433,0.494,0.494,0.4256,0.4256,0.4831,0.4149,0.4901,0.4901,0.4766,0.4409,0.4149,0.3321,0.3149,0.2364,0.2609,0.3182,0.2328,0.2258,0.3019,0.2094,0.2064,0.2129,0.247,0.3215,0.3286,0.3494,0.391,0.3872,0.3872,0.3631,0.384,0.4292,0.5176,0.5211,0.6227,0.5992,0.5382,0.5176,0.5854,0.5807,0.6089,0.5342,0.5017,0.433,0.4292,0.3983,0.384,0.4292,0.4017,0.4017,0.4292,0.3807,0.3356,0.3426,0.3117,0.2094,0.2292,0.2258,0.2884,0.2645,0.1914,0.247,0.3019,0.3356,0.2884,0.2752,0.2783,0.247,0.1969,0.2002,0.1611,0.1298,0.1528,0.1852,0.1373,0.1323
>Gonyau_Afundyense_Di_ABO47877.1,0.4725,0.4864,0.4979,0.5098,0.5176,0.5254,0.5342,0.5419,0.5456,0.5533,0.5577,0.5854,0.6269,0.5951,0.5901,0.5854,0.5456,0.5807,0.5854,0.6136,0.6089,0.5296,0.5017,0.5055,0.4801,0.4256,0.4017,0.4051,0.3807,0.3249,0.3356,0.3117,0.3182,0.3182,0.3249,0.3249,0.3019,0.2541,0.2575,0.2258,0.1702,0.1702,0.2292,0.1881,0.1643,0.1942,0.1759,0.1759,0.1759,0.1759,0.2364,0.1791,0.2064,0.2064,0.2034,0.1942,0.1501,0.1229,0.1791,0.1229,0.1611,0.2164,0.1852,0.1162,0.1852,0.1476,0.1476,0.2064,0.2541,0.2541,0.2884,0.3053,0.3321,0.3286,0.3286,0.3019,0.3019,0.3494,0.4369,0.4409,0.5176,0.5017,0.4292,0.4017,0.4901,0.4766,0.5254,0.4541,0.4017,0.3286,0.3321,0.2988,0.2783,0.3321,0.3019,0.3149,0.3426,0.2752,0.2258,0.2292,0.2002,0.1229,0.1349,0.1476,0.2002,0.1554,0.1028,0.1229,0.1702,0.2258,0.1823,0.1759,0.1791,0.1528,0.1115,0.1115,0.0765,0.0568,0.0817,0.1007,0.0704,0.0662
>HU_Bcanariense_WP_085361385_1,0.6712,0.6712,0.6712,0.6712,0.6712,0.6712,0.6712,0.6712,0.6712,0.6712,0.6712,0.6712,0.6712,0.6712,0.6712,0.6712,0.6531,0.6576,0.6661,0.6712,0.6531,0.5901,0.5254,0.5382,0.5456,0.4831,0.4685,0.4766,0.4619,0.4685,0.4766,0.4256,0.4292,0.4369,0.4507,0.4541,0.4149,0.4369,0.4369,0.391,0.374,0.3948,0.4476,0.4507,0.4476,0.4441,0.4582,0.4801,0.4901,0.5139,0.5176,0.4582,0.5139,0.5176,0.5296,0.5176,0.4652,0.4369,0.3872,0.3426,0.4087,0.4292,0.3494,0.3286,0.384,0.3087,0.268,0.2715,0.2258,0.2164,0.2164,0.2328,0.268,0.268,0.268,0.2364,0.2436,0.2951,0.3667,0.4186,0.4766,0.4766,0.3983,0.4766,0.4979,0.4979,0.5951,0.6227,0.662,0.6136,0.6136,0.5854,0.5577,0.6183,0.5854,0.5951,0.6269,0.5342,0.4831,0.494,0.4685,0.4685,0.4725,0.5017,0.5017,0.4766,0.4766,0.4864,0.5055,0.5254,0.5951,0.5854,0.5992,0.5901,0.5419,0.5577,0.5296,0.5139,0.6089,0.6906,0.6576,0.6991
>B_pseudominutum_t,0.2951,0.3392,0.3215,0.3566,0.3426,0.3249,0.3566,0.3426,0.3667,0.391,0.3494,0.3807,0.4119,0.384,0.4186,0.391,0.3566,0.384,0.422,0.4119,0.4369,0.3948,0.391,0.4149,0.4186,0.3807,0.3807,0.391,0.422,0.4186,0.422,0.4119,0.4149,0.4186,0.4186,0.4149,0.391,0.422,0.422,0.3356,0.2783,0.2988,0.3631,0.2988,0.2752,0.2752,0.2609,0.2849,0.268,0.2752,0.2849,0.2193,0.2918,0.2918,0.2884,0.3117,0.3182,0.3053,0.2503,0.1852,0.2918,0.3494,0.2715,0.2164,0.2541,0.2034,0.2002,0.2817,0.3087,0.3117,0.3087,0.3286,0.3566,0.3566,0.3566,0.3249,0.3249,0.3149,0.4051,0.4652,0.5456,0.4507,0.4256,0.3983,0.4507,0.4864,0.5951,0.4901,0.4582,0.3774,0.3807,0.3426,0.3249,0.384,0.3494,0.3494,0.3807,0.3286,0.2783,0.2849,0.2541,0.1611,0.2436,0.2129,0.3087,0.3149,0.2399,0.2328,0.3249,0.3286,0.3053,0.2951,0.3053,0.2715,0.2129,0.2193,0.1852,0.1528,0.1881,0.2328,0.1881,0.1914
>B_aenigmaticum_t,0.3392,0.3807,0.3631,0.3948,0.4256,0.3704,0.3948,0.4087,0.4186,0.4292,0.4409,0.4652,0.494,0.433,0.4652,0.4051,0.4017,0.433,0.433,0.4541,0.5055,0.4685,0.4652,0.4864,0.4901,0.4186,0.4476,0.4619,0.4685,0.4725,0.4864,0.422,0.433,0.4369,0.4369,0.433,0.4087,0.4369,0.4369,0.3529,0.2951,0.3149,0.3807,0.3149,0.2918,0.2918,0.2783,0.3019,0.2849,0.2918,0.2988,0.2364,0.3053,0.3053,0.3019,0.3249,0.3321,0.3182,0.268,0.2034,0.3053,0.3631,0.2849,0.2292,0.268,0.2164,0.2164,0.2951,0.3215,0.3356,0.3321,0.3529,0.3807,0.3807,0.3807,0.3529,0.3494,0.3392,0.4292,0.4864,0.5665,0.4725,0.4507,0.422,0.4725,0.5098,0.6183,0.5382,0.5055,0.4256,0.4149,0.3807,0.3599,0.4149,0.384,0.384,0.4119,0.3631,0.3117,0.3182,0.2884,0.1969,0.2783,0.2503,0.3392,0.346,0.2752,0.268,0.3249,0.3249,0.3019,0.2918,0.3019,0.2715,0.2129,0.2164,0.1823,0.1528,0.1852,0.2292,0.1852,0.1852
>HU_Berythrophlei_WP_079572537_1,0.6712,0.6712,0.6712,0.6712,0.6712,0.6712,0.6712,0.6712,0.6712,0.6712,0.6712,0.6712,0.6482,0.6269,0.6375,0.6576,0.6322,0.6375,0.6482,0.6576,0.6755,0.6136,0.5382,0.5493,0.562,0.494,0.4801,0.4864,0.494,0.4979,0.5098,0.4582,0.4619,0.4864,0.5211,0.5211,0.4582,0.4831,0.4979,0.4476,0.4256,0.4149,0.4685,0.4766,0.4725,0.4685,0.4831,0.5055,0.5211,0.5211,0.5254,0.4619,0.5211,0.5211,0.5382,0.5211,0.4652,0.4369,0.384,0.3249,0.3983,0.4186,0.3392,0.3182,0.3774,0.2988,0.2541,0.2575,0.2129,0.2002,0.2002,0.2193,0.2541,0.2541,0.2541,0.2193,0.2292,0.2849,0.3566,0.4087,0.4685,0.4685,0.391,0.4725,0.4901,0.494,0.5901,0.6227,0.6576,0.6136,0.6136,0.5854,0.5533,0.6136,0.5854,0.5992,0.6269,0.5296,0.4766,0.4901,0.4652,0.4652,0.4685,0.4979,0.4979,0.4766,0.4476,0.4476,0.4725,0.4685,0.4901,0.4831,0.494,0.4801,0.433,0.4409,0.4051,0.3807,0.4541,0.5139,0.4685,0.4901
>A_Striacnidorum_ccmp2592_CAE7337901.1,0.5211,0.5533,0.5758,0.6043,0.5758,0.5456,0.5665,0.5854,0.5901,0.5901,0.5951,0.6227,0.6227,0.5992,0.6375,0.6375,0.5951,0.5951,0.6089,0.6427,0.6851,0.6136,0.5707,0.5758,0.5807,0.5382,0.5382,0.5342,0.5382,0.5456,0.562,0.5017,0.5098,0.5456,0.5342,0.5419,0.5098,0.5098,0.5098,0.4507,0.391,0.391,0.4652,0.4292,0.4256,0.4256,0.4119,0.433,0.4087,0.4051,0.4119,0.3529,0.4087,0.4186,0.4149,0.4087,0.4017,0.3704,0.346,0.2884,0.3667,0.422,0.3566,0.2884,0.3215,0.2503,0.247,0.3182,0.3392,0.3704,0.374,0.3983,0.4256,0.4256,0.4149,0.4149,0.4119,0.4017,0.4864,0.4831,0.5707,0.5098,0.4864,0.4582,0.5139,0.5493,0.662,0.5807,0.5951,0.5055,0.5017,0.4685,0.4441,0.4766,0.4507,0.4507,0.4507,0.4051,0.3566,0.3631,0.391,0.3704,0.4256,0.422,0.4864,0.4685,0.4017,0.391,0.4441,0.4409,0.4017,0.391,0.4017,0.374,0.3494,0.3566,0.3286,0.3019,0.346,0.4017,0.3667,0.3774
>HU_Bdw411_WP_213742230_1,0.6712,0.6712,0.6712,0.6712,0.6712,0.6712,0.6712,0.6712,0.6712,0.6712,0.6712,0.6712,0.6482,0.6227,0.6269,0.6482,0.6183,0.6269,0.6375,0.6427,0.6576,0.5854,0.5098,0.5211,0.5382,0.4685,0.4507,0.4582,0.4619,0.4652,0.4766,0.4186,0.4017,0.4256,0.4507,0.4507,0.391,0.4149,0.4119,0.3599,0.2951,0.2951,0.3529,0.3566,0.3286,0.3249,0.3249,0.3494,0.2715,0.2715,0.2783,0.2129,0.2715,0.2951,0.3087,0.3053,0.2503,0.2292,0.1759,0.1373,0.2002,0.2609,0.1823,0.1611,0.2129,0.1643,0.1251,0.1373,0.0948,0.1449,0.1424,0.1554,0.1881,0.1914,0.1914,0.1583,0.1702,0.2224,0.2951,0.3529,0.4186,0.4186,0.3392,0.422,0.4441,0.4476,0.5055,0.5342,0.5992,0.5807,0.5807,0.5493,0.5211,0.5854,0.5493,0.562,0.5951,0.4979,0.433,0.4476,0.4186,0.4186,0.422,0.4441,0.4441,0.4186,0.384,0.4119,0.4409,0.4119,0.4292,0.422,0.433,0.4186,0.3704,0.3807,0.3426,0.3182,0.391,0.4541,0.4087,0.4292
>HU_Afipia_WP_002717445_1,0.6712,0.6712,0.6712,0.6712,0.6712,0.6712,0.6712,0.6712,0.6712,0.6712,0.6712,0.6712,0.6482,0.6183,0.6322,0.6531,0.6227,0.6322,0.6427,0.6482,0.6661,0.5951,0.5211,0.5342,0.5419,0.4725,0.4507,0.4619,0.4409,0.4582,0.4685,0.4119,0.4186,0.4441,0.4801,0.4801,0.4149,0.4441,0.4369,0.384,0.3249,0.3215,0.3566,0.3631,0.3356,0.3356,0.3356,0.3566,0.2783,0.3053,0.2951,0.2292,0.2918,0.2951,0.3053,0.2951,0.2328,0.2094,0.1611,0.1229,0.1823,0.2328,0.1554,0.1583,0.2094,0.1611,0.1229,0.1373,0.0929,0.1449,0.1424,0.1554,0.1881,0.1914,0.1914,0.1583,0.1671,0.2193,0.2951,0.3529,0.4149,0.4149,0.3356,0.422,0.4441,0.4476,0.5577,0.5901,0.662,0.6427,0.6427,0.6089,0.5758,0.6427,0.6043,0.6183,0.6531,0.5456,0.4831,0.4979,0.4685,0.4652,0.4685,0.494,0.494,0.4685,0.4369,0.4149,0.4441,0.4149,0.4369,0.4292,0.4409,0.422,0.3774,0.3872,0.3494,0.3215,0.3983,0.4619,0.4149,0.4369
>HU_Nitrobacter_WP_141381956_1,0.6712,0.6712,0.6712,0.6712,0.6712,0.6712,0.6712,0.6712,0.6712,0.6712,0.6712,0.6712,0.6482,0.6227,0.6322,0.6482,0.6227,0.6269,0.6375,0.6427,0.662,0.5951,0.5382,0.5493,0.5577,0.4901,0.494,0.4979,0.5139,0.4685,0.4725,0.4186,0.422,0.4476,0.4725,0.4725,0.4119,0.4409,0.4369,0.3872,0.3321,0.3286,0.3631,0.3566,0.3286,0.3249,0.391,0.3948,0.3149,0.3117,0.3631,0.3087,0.3631,0.3667,0.3667,0.3631,0.3426,0.3149,0.2609,0.2094,0.2783,0.3321,0.2503,0.2503,0.3053,0.2503,0.2034,0.1643,0.1162,0.1731,0.1731,0.1881,0.2193,0.2193,0.2193,0.1969,0.2094,0.2328,0.3087,0.3599,0.4292,0.4292,0.3494,0.4292,0.4507,0.4541,0.5707,0.5992,0.6661,0.6427,0.6427,0.6136,0.5807,0.6482,0.6136,0.6269,0.662,0.5533,0.494,0.5139,0.4831,0.4864,0.4901,0.5176,0.5211,0.494,0.4619,0.4409,0.4652,0.4409,0.4619,0.4582,0.4685,0.4507,0.4051,0.4149,0.3774,0.3529,0.4292,0.4864,0.4409,0.4619
>Suess_Pglaciales_Di_CAE8619202.1,0.3872,0.3631,0.3392,0.374,0.3529,0.3356,0.3631,0.346,0.3599,0.374,0.3599,0.3948,0.3948,0.3566,0.3599,0.2988,0.2988,0.3286,0.3286,0.3529,0.374,0.3117,0.3117,0.3529,0.3182,0.2849,0.2849,0.2783,0.3215,0.3249,0.3249,0.2884,0.2884,0.3249,0.3321,0.374,0.3529,0.384,0.391,0.3087,0.2503,0.268,0.3321,0.2884,0.247,0.2783,0.2884,0.3117,0.2817,0.2752,0.2884,0.2364,0.3087,0.3053,0.3019,0.2951,0.2884,0.268,0.2164,0.1528,0.247,0.3019,0.2258,0.1611,0.2002,0.1611,0.1643,0.2164,0.2436,0.2849,0.2849,0.2988,0.3215,0.3182,0.3249,0.2918,0.2951,0.2849,0.374,0.4292,0.5254,0.5055,0.4801,0.4507,0.5254,0.5665,0.6806,0.5951,0.5254,0.4441,0.4409,0.4017,0.3807,0.4409,0.4051,0.3983,0.433,0.3807,0.3286,0.3392,0.3053,0.1942,0.1229,0.1048,0.1759,0.1554,0.1048,0.1028,0.1399,0.1823,0.1611,0.1528,0.1583,0.1298,0.0888,0.0888,0.069,0.0506,0.0605,0.0749,0.0494,0.0463
>HU_Bjaponicum_WP_212284347_1,0.6712,0.6712,0.6712,0.6712,0.6712,0.6712,0.6712,0.6712,0.6712,0.6712,0.6712,0.6712,0.6482,0.6269,0.6375,0.6576,0.6322,0.6375,0.6482,0.6576,0.6755,0.6089,0.5382,0.5493,0.5577,0.4901,0.4766,0.4831,0.4652,0.4725,0.4831,0.4292,0.4369,0.4619,0.494,0.494,0.433,0.4582,0.4725,0.422,0.3983,0.3948,0.4476,0.4541,0.4507,0.4476,0.4652,0.4831,0.4979,0.5254,0.5296,0.4652,0.5254,0.5254,0.5419,0.5254,0.4685,0.4409,0.3872,0.3249,0.3983,0.4186,0.3356,0.3149,0.374,0.2951,0.247,0.2503,0.2064,0.1942,0.1942,0.2094,0.2436,0.247,0.247,0.2129,0.2224,0.2783,0.3494,0.4051,0.4652,0.4685,0.3872,0.4685,0.4901,0.4901,0.5901,0.6227,0.6576,0.6136,0.6136,0.5854,0.5533,0.6183,0.5854,0.5992,0.6269,0.5296,0.4725,0.4864,0.4619,0.4619,0.4652,0.4901,0.494,0.4685,0.4409,0.4409,0.4652,0.4619,0.4831,0.4831,0.494,0.4766,0.433,0.4409,0.4051,0.3807,0.4582,0.5176,0.4725,0.494
>A_Spilosum_CAE7333586.1_HCc2,0.4149,0.3872,0.4186,0.4541,0.4801,0.4476,0.4766,0.4149,0.3948,0.422,0.3983,0.4409,0.4409,0.3426,0.4017,0.3631,0.3182,0.3807,0.3807,0.4119,0.4409,0.3566,0.3566,0.3215,0.3249,0.2609,0.2645,0.2645,0.3426,0.3807,0.3704,0.3321,0.3356,0.374,0.4409,0.384,0.3494,0.4256,0.4051,0.3356,0.2645,0.268,0.3566,0.3149,0.3149,0.3149,0.2918,0.3182,0.2783,0.2645,0.268,0.2094,0.2884,0.2884,0.2503,0.2436,0.2817,0.247,0.1881,0.1251,0.1969,0.2609,0.1914,0.1399,0.1671,0.1251,0.1275,0.2002,0.2258,0.2645,0.2715,0.2918,0.3215,0.3182,0.3182,0.3182,0.3182,0.3053,0.4017,0.4685,0.5758,0.5493,0.5176,0.4831,0.5493,0.6043,0.7289,0.6375,0.5419,0.4476,0.4476,0.4087,0.384,0.4476,0.4119,0.4119,0.4441,0.3872,0.3286,0.3392,0.3019,0.1881,0.2064,0.1791,0.2817,0.2575,0.1852,0.1823,0.2094,0.2817,0.2436,0.2292,0.2364,0.2034,0.1476,0.1501,0.1162,0.0888,0.1162,0.1528,0.1092,0.107
>HU_Rhodoplanes_WP_068021311_1,0.6712,0.6712,0.6712,0.6712,0.6712,0.6712,0.6712,0.6712,0.6712,0.6712,0.6712,0.6712,0.6427,0.6755,0.6531,0.5533,0.5342,0.5419,0.5493,0.5577,0.5707,0.5139,0.4619,0.4725,0.4801,0.4149,0.3983,0.4051,0.3529,0.3667,0.374,0.3215,0.3053,0.3321,0.3149,0.3392,0.3631,0.391,0.3631,0.3392,0.3117,0.3087,0.3667,0.3599,0.3599,0.3599,0.374,0.3948,0.4087,0.4685,0.4652,0.4017,0.4619,0.4864,0.4901,0.4864,0.4149,0.3872,0.3392,0.3087,0.3529,0.3774,0.2918,0.268,0.3286,0.2436,0.1942,0.1969,0.1528,0.1424,0.1424,0.1554,0.1852,0.1881,0.1881,0.1643,0.1759,0.2364,0.3149,0.3631,0.4292,0.4292,0.346,0.433,0.4541,0.4582,0.5493,0.5807,0.6136,0.5707,0.5707,0.5419,0.5211,0.5758,0.5419,0.5533,0.5854,0.4864,0.433,0.4476,0.4186,0.4186,0.422,0.4476,0.4476,0.422,0.3599,0.3631,0.3948,0.391,0.4119,0.4051,0.4149,0.3948,0.3529,0.3599,0.3182,0.2918,0.3631,0.4186,0.3704,0.384
>HU_Rhodopseudomonas_WP_211909997_1,0.6712,0.6712,0.6712,0.6712,0.6712,0.6712,0.6712,0.6712,0.6712,0.6712,0.6712,0.6712,0.6482,0.6227,0.6269,0.6482,0.6183,0.6269,0.6322,0.6375,0.6576,0.5901,0.5139,0.5254,0.5342,0.4652,0.4476,0.4582,0.4652,0.4685,0.4801,0.4256,0.4292,0.4541,0.4801,0.4801,0.4186,0.4441,0.4441,0.3948,0.3356,0.3356,0.4017,0.4119,0.3807,0.384,0.391,0.4119,0.3321,0.3321,0.3392,0.2752,0.3321,0.3286,0.3426,0.3426,0.2951,0.268,0.2164,0.1731,0.2399,0.2951,0.2094,0.1791,0.2328,0.1791,0.1424,0.1501,0.1048,0.1583,0.1554,0.1731,0.2034,0.2034,0.2034,0.1731,0.1823,0.2258,0.2988,0.3529,0.4149,0.4149,0.3392,0.4186,0.4409,0.4441,0.5017,0.5296,0.5901,0.5665,0.5665,0.5419,0.5139,0.5707,0.5382,0.5533,0.5807,0.4864,0.4369,0.4507,0.422,0.422,0.4256,0.4507,0.4507,0.4256,0.3948,0.4186,0.4441,0.4149,0.4409,0.433,0.4441,0.4292,0.384,0.391,0.3566,0.3321,0.4087,0.4652,0.422,0.4441
>A_Smicroadriaticum_KB8,0.5254,0.5577,0.5807,0.6089,0.5758,0.5493,0.5707,0.5807,0.5854,0.5901,0.5951,0.6227,0.6755,0.5951,0.6375,0.6375,0.5951,0.5901,0.6089,0.6043,0.6482,0.5758,0.5382,0.5419,0.5456,0.5055,0.5055,0.5017,0.5055,0.5139,0.5296,0.4725,0.4801,0.4725,0.5017,0.5017,0.4766,0.4409,0.4441,0.384,0.3529,0.3529,0.4256,0.391,0.3872,0.391,0.374,0.3948,0.3704,0.3807,0.3872,0.3249,0.384,0.3948,0.3872,0.3807,0.3807,0.3494,0.3566,0.2988,0.3807,0.433,0.3667,0.2951,0.3286,0.2575,0.2541,0.3249,0.3494,0.3807,0.3704,0.3948,0.422,0.422,0.4119,0.4119,0.4087,0.3983,0.4801,0.5342,0.6322,0.5577,0.5382,0.5098,0.5707,0.6136,0.725,0.6531,0.662,0.5665,0.562,0.5254,0.4979,0.5342,0.5055,0.5017,0.5055,0.4582,0.4087,0.4149,0.3948,0.3704,0.4292,0.391,0.4507,0.433,0.3667,0.3566,0.4256,0.4186,0.3948,0.384,0.391,0.3631,0.3392,0.346,0.3149,0.2884,0.3321,0.3872,0.3494,0.3599
>F_kawagutii_Skav231535,0.3566,0.3983,0.3774,0.4119,0.4409,0.384,0.3667,0.3494,0.3774,0.3667,0.3529,0.3872,0.4119,0.391,0.422,0.4256,0.3872,0.4476,0.4582,0.4801,0.5055,0.4441,0.374,0.374,0.374,0.3053,0.3321,0.3774,0.422,0.4186,0.4541,0.4541,0.4507,0.4652,0.4541,0.4507,0.3983,0.4292,0.433,0.3704,0.3087,0.3286,0.3948,0.3948,0.3948,0.3948,0.3807,0.4017,0.391,0.384,0.391,0.3215,0.3599,0.3599,0.3566,0.3494,0.3529,0.3426,0.2849,0.2164,0.3019,0.3599,0.2817,0.2224,0.2609,0.2094,0.2064,0.2918,0.3149,0.3215,0.3182,0.3149,0.346,0.3426,0.3426,0.3117,0.3117,0.3019,0.391,0.4476,0.5419,0.4369,0.4149,0.3872,0.4369,0.4766,0.5807,0.5017,0.4685,0.391,0.3872,0.3529,0.3566,0.4149,0.3807,0.3807,0.4119,0.3599,0.3087,0.3182,0.2884,0.1823,0.2752,0.2752,0.3426,0.2884,0.2164,0.2094,0.2849,0.3215,0.2988,0.2884,0.2951,0.2645,0.2064,0.2094,0.1759,0.1424,0.1759,0.2193,0.1731,0.1731
>Gonyau_Lpolyedra_Di_AAO49325.1 histone-like protein [Lingulodinium polyedra],0.5055,0.5176,0.5296,0.5382,0.5456,0.5533,0.5577,0.5665,0.5707,0.5758,0.5807,0.6043,0.5992,0.5707,0.6043,0.5665,0.5707,0.6043,0.6136,0.6136,0.5854,0.5055,0.4801,0.4831,0.4619,0.3983,0.3774,0.3807,0.391,0.3087,0.3182,0.2575,0.2645,0.2951,0.2951,0.2364,0.2064,0.2258,0.2258,0.1671,0.1206,0.1476,0.2034,0.1731,0.1501,0.1759,0.1702,0.1702,0.1702,0.1671,0.2541,0.1969,0.2645,0.2575,0.2541,0.2503,0.2503,0.2258,0.2292,0.1643,0.2399,0.3053,0.2399,0.1852,0.2503,0.2064,0.2064,0.2752,0.3182,0.3182,0.3182,0.3356,0.3599,0.3566,0.3631,0.3356,0.3356,0.384,0.4652,0.4685,0.5707,0.5493,0.4766,0.4441,0.5017,0.5017,0.5901,0.5211,0.4652,0.3948,0.3948,0.3631,0.3426,0.3948,0.3667,0.3807,0.4087,0.3599,0.3117,0.3182,0.2884,0.1881,0.2034,0.2164,0.2752,0.2503,0.1823,0.1823,0.2328,0.2817,0.2541,0.247,0.2541,0.2258,0.1759,0.1791,0.1349,0.1092,0.1298,0.1583,0.1229,0.1184
>HU_Bdiazoefficiens_WP_211379288_1,0.6712,0.6712,0.6712,0.6712,0.6712,0.6712,0.6712,0.6712,0.6712,0.6712,0.6712,0.6712,0.6482,0.6576,0.6661,0.6806,0.6531,0.662,0.6712,0.6755,0.6906,0.6183,0.5419,0.5533,0.5665,0.4979,0.4801,0.4864,0.494,0.5139,0.5254,0.4725,0.4541,0.4801,0.4801,0.4801,0.4186,0.4441,0.4409,0.391,0.3249,0.3249,0.384,0.3872,0.3599,0.3566,0.3566,0.3774,0.3019,0.3053,0.2951,0.2328,0.2817,0.3019,0.3149,0.3149,0.2645,0.2436,0.1914,0.1476,0.2129,0.2715,0.1942,0.1731,0.2258,0.1791,0.1373,0.1476,0.1048,0.1554,0.1554,0.1702,0.2034,0.2064,0.2064,0.1731,0.1852,0.2364,0.3087,0.3631,0.4292,0.4292,0.3529,0.4292,0.4507,0.4582,0.5139,0.5419,0.6089,0.5901,0.5901,0.5577,0.5296,0.5901,0.5577,0.5707,0.6043,0.5055,0.4441,0.4582,0.4292,0.4292,0.433,0.4541,0.4541,0.4292,0.3983,0.422,0.4507,0.422,0.4409,0.4369,0.4441,0.4292,0.384,0.3948,0.3566,0.3321,0.4051,0.4652,0.4186,0.4409
>Perid_Ppiscicida_Di_AAL61531.1,0.6322,0.5807,0.5456,0.5665,0.5382,0.5098,0.5296,0.5055,0.5139,0.5211,0.4979,0.5342,0.562,0.5254,0.5577,0.5577,0.4685,0.4766,0.4864,0.4864,0.4864,0.422,0.422,0.4507,0.4186,0.3704,0.3983,0.391,0.4256,0.433,0.4441,0.4017,0.4017,0.4119,0.4149,0.4149,0.3667,0.4476,0.4476,0.3872,0.3215,0.3286,0.3704,0.3286,0.3019,0.3356,0.3529,0.2988,0.2752,0.2752,0.2783,0.2164,0.2884,0.2884,0.2884,0.2817,0.2849,0.2783,0.2034,0.1373,0.2034,0.2645,0.1914,0.1914,0.2715,0.2224,0.1702,0.2224,0.2951,0.3249,0.3249,0.3426,0.3704,0.3704,0.3704,0.3392,0.3392,0.3286,0.3807,0.4582,0.562,0.5419,0.5139,0.4979,0.5254,0.5098,0.5342,0.5342,0.4725,0.3948,0.3983,0.3631,0.3566,0.4119,0.3774,0.391,0.422,0.3704,0.3182,0.3249,0.2918,0.1852,0.2034,0.1759,0.2292,0.2064,0.1373,0.1852,0.2399,0.2645,0.2609,0.2503,0.2575,0.2129,0.1611,0.1611,0.1206,0.0909,0.1137,0.1449,0.107,0.1028
>B_minutum,0.4441,0.4186,0.4476,0.4766,0.4541,0.4369,0.4582,0.4685,0.4766,0.4831,0.4901,0.5176,0.5456,0.5211,0.5533,0.5211,0.4901,0.5176,0.5211,0.5139,0.5456,0.4831,0.4476,0.4409,0.4476,0.4087,0.4119,0.422,0.3983,0.4051,0.4186,0.3948,0.4017,0.4087,0.374,0.374,0.3529,0.3807,0.384,0.3249,0.268,0.3053,0.3667,0.3667,0.3704,0.3704,0.3566,0.3807,0.3667,0.4017,0.4119,0.346,0.3774,0.3807,0.3774,0.4017,0.4017,0.391,0.3356,0.2715,0.3529,0.4119,0.3356,0.2817,0.3182,0.2436,0.2399,0.3149,0.3392,0.3392,0.3356,0.3019,0.3286,0.2752,0.2752,0.268,0.268,0.2609,0.3426,0.3948,0.4766,0.422,0.4017,0.3774,0.4256,0.4582,0.5493,0.4831,0.4864,0.391,0.391,0.4149,0.4507,0.5055,0.5382,0.5382,0.5419,0.4864,0.433,0.4409,0.4119,0.3087,0.3631,0.3321,0.4186,0.4292,0.3599,0.3494,0.4087,0.4087,0.4087,0.3983,0.3529,0.3249,0.2715,0.2752,0.2436,0.2094,0.2541,0.3019,0.2645,0.2715
>D_Trenchii_E1,0.4901,0.5254,0.494,0.5254,0.5493,0.4831,0.4619,0.4409,0.4619,0.4476,0.4292,0.4652,0.4901,0.4652,0.5017,0.4652,0.4619,0.4901,0.494,0.5176,0.5139,0.4507,0.4149,0.4441,0.4476,0.3774,0.4051,0.4476,0.4507,0.4441,0.4831,0.4801,0.4801,0.494,0.4831,0.4864,0.4369,0.4685,0.4685,0.3872,0.3286,0.3494,0.4149,0.3774,0.3494,0.3494,0.3392,0.3599,0.3182,0.3426,0.3529,0.2884,0.3249,0.3249,0.3215,0.3149,0.3117,0.2988,0.2988,0.2292,0.3356,0.391,0.3149,0.2541,0.2884,0.2399,0.2364,0.3117,0.3426,0.3807,0.391,0.3872,0.4149,0.4087,0.4087,0.3807,0.3807,0.3704,0.4541,0.4619,0.5419,0.4725,0.4507,0.4256,0.4801,0.5254,0.6375,0.5493,0.5176,0.4292,0.4256,0.391,0.3948,0.4541,0.4256,0.4256,0.4541,0.4017,0.3494,0.3599,0.3249,0.2328,0.2951,0.2645,0.3249,0.3019,0.2258,0.2193,0.2752,0.3117,0.2918,0.2817,0.2884,0.2575,0.1942,0.2002,0.1643,0.1349,0.1643,0.2064,0.1583,0.1583
>A_Snecroappetens_CCMP2469.gene1638.mRNA1,0.5382,0.5707,0.5901,0.6183,0.5854,0.5577,0.5807,0.5951,0.5992,0.6043,0.6043,0.6269,0.6806,0.6043,0.6427,0.6427,0.6043,0.5992,0.6136,0.6482,0.6851,0.6136,0.5758,0.5807,0.5854,0.5419,0.5419,0.5342,0.5419,0.5456,0.562,0.5017,0.5139,0.4979,0.5342,0.5419,0.5098,0.4725,0.4766,0.4186,0.3631,0.3599,0.433,0.3983,0.3948,0.3983,0.3807,0.4051,0.3807,0.3774,0.384,0.3249,0.3807,0.391,0.3872,0.3807,0.374,0.3392,0.3494,0.2918,0.374,0.4256,0.3599,0.2918,0.3249,0.2541,0.2503,0.3215,0.3426,0.374,0.3774,0.3983,0.4256,0.4256,0.4186,0.4149,0.4119,0.4051,0.4864,0.5419,0.6427,0.5707,0.5493,0.5176,0.5854,0.6227,0.7289,0.6576,0.6661,0.5707,0.5665,0.5342,0.5055,0.5382,0.5098,0.5098,0.5098,0.4619,0.4119,0.4186,0.3983,0.374,0.4292,0.4256,0.4901,0.4685,0.4051,0.3948,0.4476,0.4409,0.4051,0.3948,0.4017,0.3774,0.3529,0.3599,0.3321,0.3053,0.3529,0.4051,0.3704,0.3807
>Proro_Pminimum_Di_ABI14409.1,0.5211,0.5342,0.5419,0.5493,0.5577,0.562,0.5707,0.5758,0.5807,0.5854,0.5901,0.6183,0.662,0.6269,0.6661,0.6269,0.5951,0.6043,0.6136,0.6183,0.5854,0.5139,0.5211,0.494,0.4685,0.4087,0.3872,0.3983,0.374,0.3321,0.346,0.2988,0.3053,0.3182,0.3149,0.2609,0.247,0.2715,0.2715,0.2399,0.1823,0.2034,0.268,0.2064,0.2064,0.2292,0.2224,0.2224,0.2164,0.2436,0.2988,0.2609,0.3149,0.3149,0.3117,0.3117,0.3667,0.3494,0.3053,0.2328,0.2849,0.3426,0.2918,0.2399,0.2783,0.2328,0.2364,0.3087,0.3494,0.3599,0.3599,0.3529,0.3529,0.3529,0.3566,0.3149,0.3149,0.3087,0.3872,0.4409,0.5342,0.5176,0.4476,0.4149,0.4652,0.494,0.5139,0.4541,0.4256,0.3566,0.3494,0.3215,0.3215,0.374,0.3426,0.3426,0.3704,0.3053,0.2575,0.2645,0.2328,0.1424,0.1528,0.1881,0.2715,0.247,0.1791,0.2292,0.2817,0.3149,0.2715,0.2645,0.2715,0.247,0.1942,0.1969,0.1671,0.1373,0.1881,0.2258,0.1881,0.1914
>A_Snatans_CAE7287946.1,0.4541,0.4256,0.4051,0.4409,0.4652,0.433,0.4619,0.4087,0.3872,0.4119,0.391,0.4292,0.433,0.3426,0.4017,0.3704,0.3599,0.4256,0.4256,0.4619,0.4582,0.3807,0.384,0.384,0.3872,0.3286,0.3356,0.3426,0.4017,0.4369,0.4292,0.4017,0.4017,0.433,0.4901,0.4685,0.4369,0.4766,0.4541,0.391,0.3249,0.3286,0.4119,0.374,0.374,0.3667,0.3426,0.3667,0.3286,0.3249,0.3356,0.2817,0.3529,0.3529,0.3494,0.3494,0.3494,0.3149,0.2609,0.1881,0.2715,0.3286,0.268,0.2094,0.2399,0.1914,0.1942,0.2715,0.2988,0.3249,0.3321,0.3494,0.3807,0.374,0.374,0.346,0.3426,0.3321,0.422,0.4864,0.562,0.4901,0.4582,0.4292,0.4831,0.5254,0.6427,0.5577,0.5577,0.4652,0.4685,0.4369,0.4119,0.4766,0.4441,0.4441,0.4725,0.4186,0.3704,0.374,0.3426,0.3053,0.3704,0.346,0.4441,0.4186,0.3529,0.346,0.4087,0.4149,0.3774,0.3667,0.3774,0.346,0.2918,0.2988,0.2645,0.2328,0.2817,0.3356,0.2988,0.3087
